TARGET_CLASS,configuration_id,criterion,ctg_min_time_per_job,ctg_schedule,search_budget,p_object_pool,ctg_time_per_class,Size,Length,Total_Time,Random_Seed,LineCoverage,LineCoverageBitString,BranchCoverage,BranchCoverageBitString,ExceptionCoverage,ExceptionCoverageBitString,Explicit_MethodExceptions,Explicit_TypeExceptions,Implicit_MethodExceptions,Implicit_TypeExceptions,WeakMutationScore,WeakMutationCoverageBitString,OutputCoverage,OutputCoverageBitString,MethodCoverage,MethodCoverageBitString,MethodNoExceptionCoverage,MethodNoExceptionCoverageBitString,CBranchCoverage,CBranchCoverageBitString
microwave.DisplayController,default,LINE;BRANCH;EXCEPTION;WEAKMUTATION;OUTPUT;METHOD;METHODNOEXCEPTION;CBRANCH,1,BUDGET,103,0.3,2,40,109,141867,1526911354692,1.0,111111111111111111111111111111111111111111111111111111111111111,0.9636363636363636,1111111111111111111111111011111111111111011111111111111,1.0,11111111111,2,1,9,3,0.9822485207100592,111111111111111111111111111111111111111111111111111111111111111111101111111111111111111110111111111111111111111111111111111111111111111111111111111111111111111111111111111111111101111111111111111111111111011111101111111111110111111111111111011111111111111111111111111111111111111111111111111101111111111111111111111111111110111111111111111111111111111111111111111111111111111111111111111111111111111111111111111111111111111111111111111111111111111111111111111111111111111111111111111111111111111111111111111,0.6363636363636364,01011011011,1.0,111111111111,1.0,111111111111,0.9636363636363636,1111111111111111111111110111111111111111011111111111111
